Id,Prediction
0,  0.999761
1,  0.999974
2,  0.999965
3,  0.000000
4,  0.467963
5,  1.000000
6,  0.000001
7,  0.000007
8,  0.999642
9,  0.999888
10,  0.999473
11,  0.796012
12,  0.000002
13,  0.000039
14,  0.001261
15,  0.983620
16,  0.994755
17,  0.001079
18,  0.000000
19,  0.805599
20,  0.000000
21,  0.000279
22,  0.026031
23,  1.000000
24,  0.000000
25,  0.003927
26,  0.999160
27,  0.038034
28,  0.986132
29,  0.999998
30,  0.998605
31,  1.000000
32,  0.000000
33,  0.916029
34,  0.999998
35,  0.000005
36,  0.999999
37,  1.000000
38,  0.999672
39,  0.507718
40,  0.999987
41,  0.054846
42,  0.000003
43,  0.000000
44,  0.000597
45,  0.000064
46,  0.352476
47,  0.014235
48,  0.999961
49,  1.000000
50,  0.996852
51,  1.000000
52,  0.996614
53,  0.000000
54,  1.000000
55,  0.008109
56,  0.999961
57,  0.994973
58,  0.923463
59,  0.999982
60,  0.000000
61,  0.000027
62,  0.995175
63,  0.000000
64,  0.999754
65,  0.999988
66,  0.001127
67,  0.089868
68,  0.999710
69,  0.000000
70,  0.000000
71,  1.000000
72,  0.999990
73,  1.000000
74,  0.999842
75,  0.999981
76,  0.000014
77,  0.000000
78,  1.000000
79,  0.998267
80,  0.999995
81,  0.000003
82,  0.000879
83,  0.998313
84,  0.999764
85,  0.000892
86,  0.999998
87,  0.000000
88,  1.000000
89,  0.999982
90,  0.999888
91,  0.000014
92,  0.000011
93,  0.999999
94,  0.999920
95,  0.832566
96,  0.000000
97,  0.999845
98,  0.000000
99,  1.000000
100,  0.000428
101,  0.999940
102,  0.972133
103,  0.008443
104,  0.999886
105,  0.000014
106,  0.004635
107,  1.000000
108,  0.000000
109,  1.000000
110,  0.999993
111,  0.000025
112,  0.999998
113,  0.002787
114,  0.251066
115,  0.000000
116,  0.001812
117,  0.998115
118,  0.844987
119,  0.999120
120,  0.040573
121,  1.000000
122,  0.000000
123,  0.995518
124,  1.000000
125,  0.956779
126,  0.000463
127,  0.000002
128,  0.999996
129,  1.000000
130,  1.000000
131,  0.000001
132,  0.021624
133,  0.998780
134,  0.000057
135,  0.000083
136,  0.992997
137,  0.001314
138,  0.999962
139,  0.998643
140,  0.975364
141,  0.999995
142,  0.999999
143,  0.000116
144,  0.867597
145,  0.000000
146,  0.999948
147,  0.996932
148,  0.030278
149,  0.000043
150,  1.000000
151,  0.000215
152,  0.999363
153,  0.999911
154,  0.999764
155,  0.000018
156,  0.000000
157,  0.999989
158,  0.998898
159,  0.006802
160,  0.000006
161,  1.000000
162,  0.999998
163,  0.946162
164,  0.993240
165,  0.999591
166,  0.003897
167,  1.000000
168,  0.001057
169,  0.999979
170,  0.995406
171,  0.000000
172,  0.001411
173,  0.999853
174,  0.994554
175,  0.999993
176,  0.997693
177,  0.999671
178,  0.035649
179,  0.000000
180,  1.000000
181,  0.999995
182,  0.039178
183,  0.001235
184,  0.000637
185,  0.999988
186,  0.004072
187,  0.999997
188,  0.000000
189,  1.000000
190,  0.989593
191,  0.071929
192,  0.995788
193,  0.999410
194,  0.000006
195,  0.000202
196,  0.000362
197,  0.999824
198,  1.000000
199,  0.000779
200,  0.000003
201,  0.001636
202,  0.999985
203,  0.002793
204,  0.998695
205,  0.017061
206,  0.000245
207,  0.999195
208,  0.000000
209,  0.999954
210,  0.000003
211,  0.000000
212,  0.999992
213,  0.999973
214,  0.020826
215,  0.995030
216,  0.999983
217,  0.785581
218,  0.999575
219,  0.990392
220,  0.135580
221,  0.000064
222,  0.000000
223,  0.999734
224,  0.001036
225,  0.999868
226,  0.998602
227,  0.000000
228,  0.964818
229,  0.000000
230,  0.543150
231,  0.873329
232,  0.001020
233,  0.999588
234,  0.000000
235,  0.000007
236,  0.000000
237,  0.000000
238,  0.000003
239,  0.000001
240,  1.000000
241,  0.990592
242,  0.000000
243,  0.999999
244,  0.999996
245,  0.996185
246,  0.922428
247,  0.000006
248,  0.998792
249,  0.999993
250,  0.000000
251,  0.057156
252,  0.999941
253,  0.992147
254,  0.000338
255,  0.000361
256,  0.000517
257,  0.000000
258,  0.999998
259,  0.999843
260,  0.999937
261,  0.000000
262,  0.999983
263,  0.999503
264,  0.000000
265,  0.000000
266,  0.000057
267,  0.999999
268,  0.000019
269,  0.000001
270,  0.000000
271,  0.001730
272,  0.999999
273,  0.994811
274,  0.999998
275,  0.999998
276,  0.032207
277,  0.000000
278,  0.999999
279,  0.999486
280,  0.036113
281,  0.999929
282,  0.994707
283,  0.999947
284,  0.999998
285,  0.999963
286,  0.998702
287,  0.995368
288,  0.999997
289,  0.000236
290,  0.999827
291,  0.000007
292,  0.000027
293,  0.000000
294,  0.999994
295,  0.000000
296,  0.999979
297,  0.057894
298,  0.999779
299,  0.000000
300,  0.000000
301,  0.999900
302,  0.000000
303,  0.999957
304,  0.999997
305,  0.013916
306,  1.000000
307,  0.000059
308,  0.000000
309,  0.949145
310,  0.999978
311,  1.000000
312,  0.635474
313,  0.000041
314,  0.000001
315,  0.999995
316,  1.000000
317,  0.000000
318,  0.978425
319,  0.999995
320,  0.999997
321,  0.999998
322,  0.000000
323,  0.003224
324,  0.999946
325,  0.999085
326,  0.003165
327,  0.999999
328,  0.001770
329,  1.000000
330,  0.999030
331,  0.432158
332,  1.000000
333,  0.995930
334,  0.000220
335,  0.000011
336,  0.000023
337,  0.999999
338,  0.002881
339,  0.000021
340,  0.000003
341,  0.000001
342,  0.999755
343,  0.990220
344,  0.000151
345,  0.999927
346,  0.000004
347,  0.999999
348,  0.973104
349,  1.000000
350,  0.999845
351,  0.999559
352,  0.001353
353,  1.000000
354,  0.999777
355,  0.000034
356,  1.000000
357,  0.000000
358,  0.000001
359,  0.000000
360,  0.097718
361,  0.000045
362,  0.999861
363,  0.000005
364,  0.999957
365,  0.999926
366,  0.997431
367,  0.971007
368,  0.999808
369,  0.000005
370,  0.000722
371,  0.000000
372,  1.000000
373,  0.001717
374,  0.997821
375,  0.832073
376,  0.000000
377,  0.999475
378,  0.000406
379,  0.999633
380,  0.999892
381,  0.000010
382,  0.002466
383,  0.908710
384,  0.999367
385,  0.991232
386,  0.000000
387,  0.000000
388,  0.000000
389,  0.652057
390,  0.974572
391,  0.999987
392,  0.046163
393,  0.002352
394,  0.000355
395,  0.996047
396,  0.000002
397,  0.000000
398,  0.999407
399,  0.000376
400,  0.999970
401,  1.000000
402,  0.999736
403,  0.007168
404,  0.000059
405,  0.000037
406,  0.000000
407,  0.007527
408,  0.000825
409,  0.999992
410,  0.999999
411,  0.991937
412,  0.000057
413,  0.999626
414,  0.000048
415,  0.000001
416,  0.000000
417,  0.000000
418,  0.000012
419,  0.948671
420,  1.000000
421,  0.000001
422,  0.994946
423,  0.001049
424,  0.999990
425,  0.000000
426,  0.999909
427,  0.004580
428,  0.000000
429,  0.579193
430,  0.999522
431,  0.000000
432,  0.000003
433,  0.999879
434,  0.000207
435,  0.000000
436,  0.999969
437,  1.000000
438,  0.000000
439,  0.994692
440,  0.999995
441,  0.999679
442,  0.000000
443,  0.000199
444,  0.999996
445,  0.000034
446,  1.000000
447,  1.000000
448,  0.999997
449,  0.000000
450,  0.007946
451,  0.999041
452,  0.000000
453,  0.000012
454,  0.000062
455,  0.032727
456,  0.000010
457,  0.000000
458,  0.000000
459,  0.000004
460,  0.999979
461,  0.003152
462,  0.000536
463,  0.998570
464,  0.999696
465,  0.000000
466,  0.810616
467,  0.000000
468,  0.982801
469,  0.000000
470,  0.017320
471,  0.999862
472,  0.000004
473,  0.000000
474,  0.989589
475,  0.000000
476,  0.000000
477,  0.024076
478,  0.001782
479,  0.000000
480,  1.000000
481,  0.999487
482,  0.000600
483,  0.999991
484,  0.999963
485,  0.000002
486,  0.998162
487,  0.094008
488,  0.999961
489,  0.000002
490,  0.000009
491,  0.011554
492,  0.083420
493,  0.000043
494,  1.000000
495,  1.000000
496,  0.999929
497,  0.000006
498,  0.000007
499,  0.120718
500,  0.000438
501,  0.000466
502,  0.999997
503,  0.000765
504,  0.999031
505,  1.000000
506,  0.000139
507,  0.000000
508,  0.028814
509,  0.000001
510,  0.987891
511,  0.994910
512,  0.000048
513,  0.999854
514,  0.999999
515,  0.999989
516,  0.997013
517,  1.000000
518,  1.000000
519,  0.997617
520,  0.000033
521,  0.999861
522,  0.072203
523,  0.000007
524,  0.000616
525,  0.000000
526,  0.964154
527,  0.000002
528,  0.000000
529,  0.000000
530,  0.999522
531,  0.997582
532,  1.000000
533,  0.996983
534,  0.000009
535,  0.000011
536,  0.999917
537,  0.999862
538,  0.998732
539,  0.996294
540,  0.999789
541,  0.995704
542,  0.999842
543,  0.999425
544,  0.000038
545,  0.000000
546,  0.962434
547,  1.000000
548,  0.994653
549,  0.000027
550,  0.999994
551,  0.000010
552,  0.999520
553,  0.999139
554,  0.984480
555,  0.999998
556,  0.997640
557,  0.005443
558,  0.999927
559,  0.219595
560,  1.000000
561,  0.007528
562,  0.000000
563,  0.998358
564,  0.999981
565,  0.998749
566,  0.000000
567,  0.999804
568,  0.271126
569,  0.999998
570,  0.000000
571,  0.999996
572,  0.999999
573,  0.999930
574,  0.964127
575,  0.998970
576,  0.994821
577,  0.000000
578,  0.999516
579,  0.993602
580,  0.000000
581,  0.000251
582,  0.999752
583,  0.999999
584,  1.000000
585,  1.000000
586,  0.000000
587,  0.000005
588,  0.999889
589,  0.000000
590,  1.000000
591,  0.999978
592,  0.524773
593,  0.999992
594,  0.000051
595,  0.999258
596,  0.998620
597,  0.999204
598,  0.000053
599,  0.000087
600,  0.001808
601,  0.000016
602,  0.001110
603,  0.999993
604,  0.999927
605,  0.985103
606,  0.000000
607,  0.000000
608,  0.000000
609,  0.000000
610,  0.000000
611,  0.000000
612,  0.000000
613,  0.000001
614,  0.000004
615,  0.999928
616,  0.000017
617,  0.000000
618,  0.003606
619,  0.998887
620,  0.000001
621,  0.769170
622,  0.019163
623,  0.000167
624,  0.000019
625,  0.999185
626,  0.999999
627,  1.000000
628,  0.999998
629,  0.002555
630,  0.998586
631,  0.022499
632,  0.979148
633,  0.933476
634,  0.003096
635,  0.999450
636,  0.999994
637,  0.999677
638,  0.999948
639,  0.000000
640,  0.000000
641,  0.977965
642,  1.000000
643,  1.000000
644,  0.012872
645,  0.998035
646,  0.000025
647,  0.999961
648,  0.000000
649,  0.993735
650,  0.000000
651,  0.000000
652,  0.999747
653,  0.999933
654,  0.000000
655,  0.000013
656,  0.000017
657,  0.000000
658,  0.999991
659,  0.999299
660,  0.993301
661,  0.000000
662,  0.999946
663,  0.000043
664,  0.001211
665,  0.999813
666,  0.009889
667,  0.000008
668,  0.999864
669,  0.999780
670,  0.000017
671,  0.000004
672,  0.000000
673,  0.999499
674,  0.000000
675,  0.000000
676,  0.999158
677,  0.000000
678,  0.000000
679,  0.012254
680,  0.769542
681,  0.999958
682,  0.000054
683,  0.999954
684,  0.000000
685,  0.999997
686,  0.999452
687,  0.999939
688,  0.999993
689,  0.000001
690,  0.999997
691,  0.000636
692,  0.999276
693,  0.001937
694,  0.000000
695,  1.000000
696,  0.999945
697,  0.000064
698,  0.999883
699,  0.996962
700,  0.999955
701,  0.000100
702,  0.000577
703,  0.083707
704,  0.997124
705,  0.000060
706,  0.999965
707,  0.999483
708,  0.999995
709,  0.999417
710,  1.000000
711,  0.000060
712,  0.003341
713,  0.999959
714,  0.000164
715,  0.999554
716,  0.999003
717,  0.999962
718,  0.083322
719,  0.000000
720,  0.999695
721,  0.999996
722,  0.000168
723,  0.999998
724,  0.000000
725,  0.000001
726,  0.000484
727,  0.992173
728,  0.017548
729,  0.926838
730,  0.000000
731,  1.000000
732,  0.700933
733,  0.000009
734,  0.000000
735,  0.999995
736,  0.000071
737,  0.000000
738,  0.000000
739,  0.000000
740,  0.000000
741,  1.000000
742,  0.034479
743,  0.988174
744,  0.999964
745,  0.000000
746,  0.000000
747,  0.999953
748,  0.999986
749,  0.060107
750,  0.000663
751,  0.000000
752,  0.999988
753,  1.000000
754,  0.000000
755,  0.974622
756,  0.000001
757,  0.999963
758,  0.999585
759,  0.008776
760,  0.999998
761,  0.761837
762,  0.000050
763,  0.000681
764,  0.999909
765,  0.000007
766,  0.000000
767,  0.000000
768,  0.999382
769,  0.000004
770,  0.000004
771,  0.000001
772,  0.000063
773,  0.492390
774,  0.996015
775,  1.000000
776,  0.999547
777,  0.000101
778,  0.999957
779,  0.998402
780,  0.012811
781,  1.000000
782,  0.000540
783,  0.999850
784,  0.999993
785,  0.618069
786,  0.000000
787,  0.000012
788,  0.999981
789,  0.000000
790,  0.999913
791,  0.999624
792,  0.469878
793,  1.000000
794,  0.000000
795,  0.000068
796,  1.000000
797,  0.000000
798,  0.000000
799,  0.998964
800,  0.999432
801,  0.000000
802,  0.000014
803,  0.931533
804,  0.999920
805,  0.011967
806,  0.003239
807,  0.002351
808,  0.999979
809,  0.999998
810,  0.999963
811,  0.999987
812,  0.000000
813,  0.001650
814,  0.015182
815,  0.000000
816,  0.994707
817,  0.999535
818,  0.000513
819,  0.003045
820,  0.999903
821,  0.999947
822,  0.050811
823,  0.000000
824,  0.000001
825,  0.000116
826,  1.000000
827,  0.998912
828,  0.998930
829,  0.000000
830,  0.046755
831,  0.989767
832,  0.240901
833,  0.984876
834,  0.999977
835,  0.999942
836,  1.000000
837,  0.998316
838,  0.000000
839,  0.030356
840,  0.999995
841,  0.000000
842,  0.000000
843,  1.000000
844,  0.999478
845,  0.000000
846,  0.000000
847,  0.998427
848,  0.008430
849,  0.000000
850,  0.008142
851,  0.025731
852,  0.999905
853,  0.861834
854,  0.000002
855,  0.000007
856,  0.101004
857,  0.000001
858,  0.000862
859,  0.981817
860,  0.999688
861,  0.926634
862,  0.000004
863,  0.000001
864,  0.000109
865,  0.000101
866,  0.000382
867,  0.999994
868,  0.004575
869,  0.999763
870,  0.074173
871,  0.999539
872,  0.999999
873,  0.999998
874,  0.000000
875,  0.000000
876,  1.000000
877,  0.999889
878,  0.000039
879,  0.999737
880,  0.000185
881,  0.000000
882,  1.000000
883,  1.000000
884,  0.990854
885,  0.809950
886,  1.000000
887,  0.000371
888,  0.995847
889,  0.999933
890,  0.995334
891,  0.999972
892,  0.000000
893,  0.999995
894,  0.995960
895,  0.999973
896,  0.020385
897,  0.000000
898,  0.060719
899,  0.000010
900,  0.999995
901,  0.000000
902,  0.998310
903,  0.000016
904,  0.003688
905,  0.954536
906,  0.992389
907,  0.030213
908,  0.999957
909,  0.000000
910,  0.004413
911,  0.999999
912,  0.999740
913,  0.000039
914,  0.000746
915,  0.000001
916,  0.999990
917,  0.989014
918,  0.000000
919,  0.984721
920,  0.000009
921,  0.000008
922,  0.999967
923,  0.000000
924,  0.999994
925,  0.999999
926,  1.000000
927,  0.002154
928,  0.968713
929,  0.000004
930,  0.999980
931,  0.000040
932,  0.000000
933,  0.998978
934,  0.000000
935,  0.000214
936,  0.999968
937,  1.000000
938,  0.000272
939,  0.999997
940,  0.999993
941,  0.998367
942,  0.000069
943,  0.999926
944,  1.000000
945,  0.999984
946,  0.991304
947,  0.170390
948,  0.968269
949,  0.999681
950,  0.008161
951,  0.999852
952,  0.999824
953,  0.999719
954,  0.999869
955,  0.014422
956,  0.000000
957,  0.986589
958,  0.993848
959,  0.999934
960,  0.000000
961,  0.999998
962,  1.000000
963,  0.999904
964,  0.995866
965,  0.004890
966,  0.008362
967,  0.000104
968,  0.000229
969,  0.288667
970,  0.133392
971,  1.000000
972,  0.000000
973,  0.971612
974,  0.000000
975,  0.034326
976,  0.000000
977,  0.000542
978,  0.011601
979,  0.999938
980,  0.999911
981,  0.998822
982,  0.999993
983,  0.033955
984,  0.000033
985,  0.999895
986,  0.910842
987,  0.219408
988,  0.999594
989,  1.000000
990,  0.000000
991,  0.999990
992,  0.992541
993,  0.068053
994,  1.000000
995,  0.000262
996,  0.999444
997,  0.000001
998,  0.998841
999,  0.000000
1000,  0.000223
1001,  0.000000
1002,  0.000001
1003,  0.423670
1004,  0.299221
1005,  0.256296
1006,  0.000000
1007,  0.000236
1008,  0.999594
1009,  0.121661
1010,  0.000711
1011,  0.999175
1012,  0.000006
1013,  0.000000
1014,  0.001199
1015,  0.000118
1016,  0.999999
1017,  0.999956
1018,  0.000000
1019,  0.998747
1020,  0.999974
1021,  1.000000
1022,  0.000039
1023,  0.999995
1024,  0.000000
1025,  0.000002
1026,  0.000005
1027,  0.000034
1028,  0.999934
1029,  0.000000
1030,  0.016219
1031,  0.000079
1032,  0.998417
1033,  0.999438
1034,  0.999942
1035,  0.999721
1036,  0.003217
1037,  0.999968
1038,  0.999507
1039,  0.999681
1040,  0.011063
1041,  0.999956
1042,  0.999377
1043,  0.943750
1044,  0.999999
1045,  0.987206
1046,  0.999948
1047,  0.000000
1048,  0.000022
1049,  0.997326
1050,  0.993569
1051,  0.000000
1052,  0.942869
1053,  0.999988
1054,  0.000025
1055,  0.006343
1056,  0.999478
1057,  0.997419
1058,  0.985751
1059,  0.993631
1060,  0.992391
1061,  0.000003
1062,  0.975566
1063,  0.000704
1064,  0.000003
1065,  0.999648
1066,  0.000655
1067,  0.468919
1068,  0.000013
1069,  0.993677
1070,  0.870297
1071,  0.998552
1072,  0.000003
1073,  0.997075
1074,  0.008679
1075,  0.998386
1076,  0.001092
1077,  0.998363
1078,  0.000000
1079,  1.000000
1080,  0.000000
1081,  0.999999
1082,  0.999920
1083,  0.999979
1084,  0.710915
1085,  0.996120
1086,  0.000000
1087,  0.000002
1088,  1.000000
1089,  0.000000
1090,  0.984098
1091,  0.999414
1092,  0.000005
1093,  0.000001
1094,  0.000000
1095,  0.066415
1096,  0.999963
1097,  0.004708
1098,  0.999999
1099,  0.574797
1100,  0.969317
1101,  0.999957
1102,  0.000000
1103,  0.000000
1104,  0.000006
1105,  0.999698
1106,  1.000000
1107,  0.094004
1108,  0.000055
1109,  0.999985
1110,  0.000000
1111,  0.000000
1112,  0.999998
1113,  0.989432
1114,  0.001851
1115,  0.000117
1116,  0.000003
1117,  0.000002
1118,  0.999101
1119,  0.999976
1120,  0.992816
1121,  0.000056
1122,  0.999964
1123,  0.000000
1124,  0.001295
1125,  0.013020
1126,  1.000000
1127,  0.999721
1128,  0.000038
1129,  0.998585
1130,  0.999997
1131,  0.000000
1132,  0.000001
1133,  0.001712
1134,  0.881105
1135,  0.000000
1136,  0.999994
1137,  0.993778
1138,  0.999926
1139,  0.935670
1140,  0.000000
1141,  0.000010
1142,  0.999932
1143,  0.999643
1144,  0.014329
1145,  0.999430
1146,  0.999673
1147,  0.000005
1148,  0.000000
1149,  0.999998
1150,  0.998883
1151,  0.999721
1152,  0.999965
1153,  0.999831
1154,  0.999969
1155,  0.049772
1156,  1.000000
1157,  0.999993
1158,  0.000000
1159,  1.000000
1160,  0.999999
1161,  0.610860
1162,  0.994576
1163,  1.000000
1164,  0.000000
1165,  0.989103
1166,  0.001808
1167,  0.999174
1168,  0.999927
1169,  0.003550
1170,  0.000027
1171,  0.000050
1172,  1.000000
1173,  0.000266
1174,  0.056436
1175,  1.000000
1176,  0.013247
1177,  0.999976
1178,  0.999921
1179,  0.999999
1180,  0.998866
1181,  0.999998
1182,  0.000000
1183,  0.999888
1184,  1.000000
1185,  0.000000
1186,  0.999788
1187,  0.999938
1188,  0.696479
1189,  0.012441
1190,  0.000000
1191,  0.000237
1192,  0.999568
1193,  0.000068
1194,  0.000000
1195,  0.000050
1196,  0.999989
1197,  0.999998
1198,  0.000000
1199,  0.133384
1200,  0.999920
1201,  0.999825
1202,  0.000000
1203,  0.045448
1204,  0.784555
1205,  0.999965
1206,  0.001414
1207,  0.000121
1208,  0.999993
1209,  1.000000
1210,  0.042261
1211,  0.001420
1212,  0.000005
1213,  0.999970
1214,  0.999999
1215,  0.999932
1216,  0.956685
1217,  0.000689
1218,  0.000000
1219,  0.999999
1220,  0.000106
1221,  0.000012
1222,  0.999972
1223,  0.999915
1224,  0.000006
1225,  0.000000
1226,  0.999794
1227,  0.000001
1228,  0.000013
1229,  1.000000
1230,  0.999965
1231,  0.000000
1232,  0.937440
1233,  0.000000
1234,  0.999633
1235,  0.000000
1236,  0.999915
1237,  0.999570
1238,  0.999983
1239,  0.997990
1240,  0.000091
1241,  0.999982
1242,  1.000000
1243,  0.000007
1244,  0.000061
1245,  0.961082
1246,  1.000000
1247,  0.989893
1248,  0.999468
1249,  0.999981
1250,  0.931443
1251,  0.402420
1252,  0.001059
1253,  0.000000
1254,  0.999969
1255,  0.642515
1256,  0.990945
1257,  0.999988
1258,  0.996621
1259,  1.000000
1260,  0.997202
1261,  1.000000
1262,  0.999576
1263,  0.000186
1264,  0.000000
1265,  0.999779
1266,  0.034453
1267,  0.999477
1268,  0.000000
1269,  0.000000
1270,  0.021595
1271,  0.998892
1272,  0.000000
1273,  0.000001
1274,  0.000000
1275,  0.999286
1276,  1.000000
1277,  0.999977
1278,  1.000000
1279,  0.000246
1280,  0.000000
1281,  0.041504
1282,  0.999987
1283,  0.000001
1284,  0.475213
1285,  0.999980
1286,  0.999985
1287,  0.001637
1288,  0.000000
1289,  0.000025
1290,  1.000000
1291,  0.978011
1292,  0.000003
1293,  0.999999
1294,  1.000000
1295,  1.000000
1296,  1.000000
1297,  0.000000
1298,  0.999979
1299,  0.999957
1300,  0.999507
1301,  0.062972
1302,  0.783752
1303,  1.000000
1304,  0.000050
1305,  0.017215
1306,  0.003691
1307,  0.000115
1308,  0.000030
1309,  0.999979
1310,  0.998579
1311,  0.999986
1312,  0.000011
1313,  0.998537
1314,  1.000000
1315,  0.000000
1316,  0.000865
1317,  0.999978
1318,  0.100726
1319,  1.000000
1320,  0.000067
1321,  0.002802
1322,  0.000124
1323,  0.998699
1324,  0.000390
1325,  0.999998
1326,  0.000194
1327,  0.000000
1328,  0.001008
1329,  1.000000
1330,  0.999325
1331,  0.000010
1332,  0.000000
1333,  0.000060
1334,  0.000011
1335,  0.000002
1336,  0.073217
1337,  0.001822
1338,  0.999985
1339,  0.999998
1340,  0.000000
1341,  0.000000
1342,  0.999998
1343,  1.000000
1344,  0.001708
1345,  0.000000
1346,  1.000000
1347,  0.998219
1348,  0.000000
1349,  0.999574
1350,  0.999889
1351,  0.999999
1352,  0.003186
1353,  0.000000
1354,  0.000000
1355,  0.000003
1356,  0.999991
1357,  0.000000
1358,  0.000000
1359,  0.999806
1360,  0.999999
1361,  0.999148
1362,  0.999982
1363,  0.000005
1364,  0.000000
1365,  0.170198
1366,  1.000000
1367,  0.999363
1368,  0.000000
1369,  0.000000
1370,  0.000046
1371,  0.000016
1372,  0.999999
1373,  0.000300
1374,  0.000000
1375,  0.001493
1376,  0.999814
1377,  1.000000
1378,  0.032292
1379,  0.000000
1380,  0.002584
1381,  0.999964
1382,  0.999649
1383,  0.999993
1384,  0.000000
1385,  0.999967
1386,  0.000000
1387,  0.000053
1388,  0.000000
1389,  0.000073
1390,  0.000088
1391,  0.999517
1392,  0.998138
1393,  0.000000
1394,  0.999652
1395,  0.004821
1396,  0.999148
1397,  0.999802
1398,  0.999772
1399,  0.978895
1400,  0.000001
1401,  0.999990
1402,  0.999994
1403,  0.999934
1404,  0.000000
1405,  0.991735
1406,  0.998406
1407,  0.999948
1408,  0.495012
1409,  0.000003
1410,  0.000076
1411,  0.999902
1412,  0.029954
1413,  0.999772
1414,  0.001412
1415,  0.012740
1416,  0.999973
1417,  0.999779
1418,  0.362012
1419,  0.999988
1420,  0.000044
1421,  0.057554
1422,  0.000001
1423,  0.168637
1424,  1.000000
1425,  0.000000
1426,  0.999978
1427,  0.999380
1428,  0.000000
1429,  1.000000
1430,  0.000091
1431,  0.999991
1432,  0.003329
1433,  0.999474
1434,  0.000000
1435,  0.000317
1436,  0.990578
1437,  0.000000
1438,  0.999342
1439,  0.999985
1440,  0.000000
1441,  0.999963
1442,  0.000021
1443,  0.000940
1444,  0.000000
1445,  0.131720
1446,  0.999934
1447,  0.003715
1448,  0.000000
1449,  0.000000
1450,  0.996637
1451,  0.000000
1452,  0.000000
1453,  0.999365
1454,  0.999983
1455,  0.000000
1456,  0.004526
1457,  0.000017
1458,  0.000000
1459,  0.000000
1460,  0.000143
1461,  0.000000
1462,  0.000000
1463,  0.997777
1464,  0.999971
1465,  0.970141
1466,  0.000012
1467,  0.010711
1468,  0.011605
1469,  0.998227
1470,  0.999961
1471,  0.999574
1472,  1.000000
1473,  0.000016
1474,  1.000000
1475,  0.999962
1476,  0.000005
1477,  0.001082
1478,  0.000001
1479,  0.999939
1480,  0.999961
1481,  0.999937
1482,  0.002326
1483,  1.000000
1484,  0.002833
1485,  0.000001
1486,  0.999997
1487,  0.959312
1488,  0.999989
1489,  0.040825
1490,  0.000000
1491,  0.000036
1492,  1.000000
1493,  0.999979
1494,  0.000467
1495,  0.999999
1496,  0.000001
1497,  0.998465
1498,  0.999995
1499,  0.000762
1500,  1.000000
1501,  0.110429
1502,  0.966989
1503,  0.004834
1504,  0.999778
1505,  0.000087
1506,  0.000000
1507,  0.979847
1508,  0.327689
1509,  0.000000
1510,  0.999029
1511,  0.000002
1512,  0.999932
1513,  0.000000
1514,  0.000000
1515,  0.996016
1516,  0.495228
1517,  0.000000
1518,  0.420916
1519,  1.000000
1520,  1.000000
1521,  0.986997
1522,  0.017619
1523,  0.000207
1524,  0.988874
1525,  0.999990
1526,  0.991998
1527,  0.008412
1528,  0.999991
1529,  0.000241
1530,  0.995460
1531,  0.000181
1532,  0.000171
1533,  0.000005
1534,  0.999787
1535,  0.997733
1536,  1.000000
1537,  0.999996
1538,  0.000798
1539,  0.000001
1540,  0.995616
1541,  0.001647
1542,  0.004605
1543,  0.013100
1544,  0.999999
1545,  0.999998
1546,  0.992472
1547,  0.000036
1548,  0.999996
1549,  0.999792
1550,  0.999991
1551,  0.999957
1552,  0.972841
1553,  0.995292
1554,  0.000000
1555,  0.001212
1556,  0.000000
1557,  0.001596
1558,  0.999988
1559,  0.000000
1560,  0.000000
1561,  0.999499
1562,  0.998979
1563,  0.998030
1564,  0.971833
1565,  0.987194
1566,  0.997247
1567,  0.999379
1568,  0.000000
1569,  0.014028
1570,  0.999650
1571,  0.999789
1572,  0.000067
1573,  0.077180
1574,  0.000000
1575,  1.000000
1576,  0.000000
1577,  0.999387
1578,  0.999999
1579,  0.000063
1580,  0.008235
1581,  0.999997
1582,  0.002154
1583,  0.999412
1584,  0.994360
1585,  0.127313
1586,  0.000000
1587,  0.008080
1588,  0.999973
1589,  0.938519
1590,  0.969329
1591,  0.995475
1592,  0.000115
1593,  0.999532
1594,  0.000001
1595,  0.001199
1596,  0.001215
1597,  0.071274
1598,  0.000113
1599,  0.000010
1600,  0.962454
1601,  0.005927
1602,  0.999967
1603,  0.000011
1604,  0.000142
1605,  0.999999
1606,  0.000008
1607,  0.000000
1608,  0.000000
1609,  0.999914
1610,  0.996591
1611,  0.999964
1612,  0.000000
1613,  0.999575
1614,  0.999691
1615,  0.000034
1616,  0.476622
1617,  0.000003
1618,  0.000897
1619,  0.467955
1620,  0.001383
1621,  0.000000
1622,  0.925519
1623,  1.000000
1624,  1.000000
1625,  0.000000
1626,  0.999694
1627,  0.031695
1628,  0.000000
1629,  0.999981
1630,  1.000000
1631,  0.999983
1632,  0.000031
1633,  0.000000
1634,  0.001179
1635,  0.002549
1636,  0.771543
1637,  0.963261
1638,  0.999847
1639,  0.997190
1640,  0.999992
1641,  0.000016
1642,  0.382450
1643,  0.999940
1644,  0.999999
1645,  0.000000
1646,  0.987407
1647,  0.999893
1648,  0.999963
1649,  0.999999
1650,  0.000005
1651,  0.955153
1652,  0.000222
1653,  0.000526
1654,  0.029553
1655,  0.057612
1656,  0.000000
1657,  1.000000
1658,  0.999999
1659,  0.000012
1660,  0.851674
1661,  0.982078
1662,  0.992057
1663,  0.000000
1664,  0.000088
1665,  0.000714
1666,  0.992061
1667,  0.999710
1668,  0.000002
1669,  0.000022
1670,  0.000000
1671,  1.000000
1672,  0.000000
1673,  0.999999
1674,  1.000000
1675,  0.006098
1676,  0.000000
1677,  0.999553
1678,  0.956726
1679,  0.004254
1680,  0.002005
1681,  0.000000
1682,  0.999935
1683,  0.000000
1684,  0.999161
1685,  0.000010
1686,  0.999994
1687,  0.999541
1688,  0.999793
1689,  0.999883
1690,  0.999887
1691,  0.001572
1692,  0.000000
1693,  1.000000
1694,  0.000015
1695,  0.997860
1696,  0.994792
1697,  0.921834
1698,  0.000008
1699,  0.004495
1700,  0.999972
1701,  0.999673
1702,  0.000000
1703,  0.993192
1704,  0.998552
1705,  0.000001
1706,  0.995300
1707,  0.000930
1708,  0.939375
1709,  0.999992
1710,  0.958971
1711,  1.000000
1712,  0.000012
1713,  0.000032
1714,  0.969449
1715,  0.999899
1716,  0.000000
1717,  0.000001
1718,  0.000000
1719,  0.000000
1720,  0.997430
1721,  0.000042
1722,  0.999703
1723,  1.000000
1724,  0.999993
1725,  0.000000
1726,  0.999911
1727,  1.000000
1728,  0.000033
1729,  0.000203
1730,  0.991142
1731,  0.999792
1732,  0.999999
1733,  0.000000
1734,  0.000033
1735,  0.999974
1736,  0.288251
1737,  0.016624
1738,  0.000122
1739,  0.999523
1740,  1.000000
1741,  0.761533
1742,  1.000000
1743,  0.000001
1744,  0.000008
1745,  0.989347
1746,  0.998990
1747,  0.740478
1748,  0.000001
1749,  0.984357
1750,  0.999927
1751,  0.000024
1752,  0.996626
1753,  0.000000
1754,  0.000015
1755,  0.999934
1756,  0.999989
1757,  0.000041
1758,  0.998217
1759,  0.000001
1760,  0.999002
1761,  0.000007
1762,  0.000000
1763,  0.999690
1764,  0.999835
1765,  0.999994
1766,  1.000000
1767,  0.000000
1768,  0.000009
1769,  0.999794
1770,  0.000206
1771,  0.837009
1772,  0.999910
1773,  0.000338
1774,  0.000002
1775,  0.753968
1776,  0.970397
1777,  0.000000
1778,  0.000008
1779,  0.000000
1780,  0.000000
1781,  0.020652
1782,  0.000004
1783,  0.478238
1784,  0.000003
1785,  0.000000
1786,  0.000000
1787,  0.999237
1788,  0.000002
1789,  1.000000
1790,  0.457124
1791,  0.000011
1792,  0.947499
1793,  0.999729
1794,  0.999995
1795,  0.999992
1796,  0.000011
1797,  0.000000
1798,  0.003878
1799,  0.997618
1800,  0.000001
1801,  0.999991
1802,  0.999993
1803,  0.000000
1804,  0.000035
1805,  0.049621
1806,  0.000018
1807,  0.999976
1808,  0.000000
1809,  0.000021
1810,  0.000027
1811,  0.000000
1812,  1.000000
1813,  0.000162
1814,  0.000000
1815,  0.000333
1816,  0.000733
1817,  0.838494
1818,  0.999932
1819,  0.999999
1820,  0.000000
1821,  1.000000
1822,  0.997571
1823,  0.421590
1824,  0.001890
1825,  0.000031
1826,  0.001148
1827,  0.000000
1828,  0.003637
1829,  0.999808
1830,  0.993786
1831,  0.999463
1832,  1.000000
1833,  0.994014
1834,  0.994262
1835,  0.991039
1836,  0.000000
1837,  0.002184
1838,  0.000000
1839,  0.000000
1840,  0.000000
1841,  0.000002
1842,  1.000000
1843,  0.970468
1844,  0.999471
1845,  0.007511
1846,  0.000000
1847,  0.999948
1848,  0.000000
1849,  0.960077
1850,  0.999096
1851,  0.999927
1852,  0.000000
1853,  0.742051
1854,  0.000000
1855,  0.999728
1856,  0.013019
1857,  0.000000
1858,  0.999982
1859,  0.000009
1860,  0.013673
1861,  0.999887
1862,  0.002751
1863,  0.236303
1864,  0.000000
1865,  0.639763
1866,  0.999998
1867,  0.834567
1868,  0.000013
1869,  1.000000
1870,  0.002597
1871,  1.000000
1872,  0.001907
1873,  0.000028
1874,  0.000038
1875,  0.997922
1876,  0.000042
1877,  0.000171
1878,  0.000000
1879,  0.000189
1880,  0.058906
1881,  0.999724
1882,  0.000000
1883,  0.000003
1884,  0.000008
1885,  0.121923
1886,  0.999988
1887,  0.000034
1888,  0.000167
1889,  0.664469
1890,  0.999986
1891,  0.000000
1892,  0.999998
1893,  0.026348
1894,  0.999992
1895,  0.000000
1896,  0.000000
1897,  0.999942
1898,  1.000000
1899,  0.995082
1900,  0.985014
1901,  0.997326
1902,  0.999999
1903,  1.000000
1904,  0.771066
1905,  0.995788
1906,  0.000000
1907,  0.139394
1908,  0.995323
1909,  0.999975
1910,  0.000000
1911,  0.014952
1912,  0.008605
1913,  0.999944
1914,  0.999991
1915,  0.000464
1916,  0.999973
1917,  0.000052
1918,  0.000199
1919,  0.022868
1920,  1.000000
1921,  1.000000
1922,  0.998931
1923,  0.000000
1924,  0.000486
1925,  0.000006
1926,  0.999985
1927,  1.000000
1928,  0.000011
1929,  0.000777
1930,  0.000013
1931,  0.000000
1932,  0.000000
1933,  0.999955
1934,  0.000099
1935,  0.008325
1936,  0.996256
1937,  0.000000
1938,  0.000192
1939,  0.002145
1940,  0.999995
1941,  0.999990
1942,  0.999977
1943,  0.999452
1944,  0.998805
1945,  1.000000
1946,  0.999196
1947,  0.000000
1948,  0.999354
1949,  0.999996
1950,  0.999716
1951,  0.999993
1952,  0.999988
1953,  0.999588
1954,  0.000000
1955,  0.999997
1956,  0.000023
1957,  0.080751
1958,  0.000391
1959,  0.000016
1960,  0.000412
1961,  0.000317
1962,  0.000428
1963,  0.999892
1964,  0.999998
1965,  0.009860
1966,  0.006706
1967,  0.000124
1968,  0.999856
1969,  0.000000
1970,  0.000000
1971,  0.905305
1972,  0.000000
1973,  0.000000
1974,  0.002325
1975,  0.025415
1976,  0.006260
1977,  0.623056
1978,  0.103882
1979,  0.695898
1980,  0.979157
1981,  0.000000
1982,  0.000000
1983,  0.000000
1984,  0.000000
1985,  0.000000
1986,  0.000036
1987,  0.000000
1988,  0.000002
1989,  0.000000
1990,  0.004312
1991,  0.999974
1992,  0.999983
1993,  1.000000
1994,  0.012967
1995,  0.831296
1996,  0.000000
1997,  0.000032
1998,  0.000542
1999,  0.999836
2000,  1.000000
2001,  0.000009
2002,  0.999656
2003,  0.000000
2004,  1.000000
2005,  0.999999
2006,  0.921061
2007,  0.001038
2008,  0.000000
2009,  0.003333
2010,  0.000033
2011,  0.999989
2012,  0.762776
2013,  0.998430
2014,  0.988465
2015,  0.990775
2016,  0.000057
2017,  0.000000
2018,  0.998987
2019,  0.997654
2020,  0.000432
2021,  0.112094
2022,  0.000005
2023,  0.999574
2024,  0.099842
2025,  0.999742
2026,  0.999947
2027,  0.691278
2028,  0.000000
2029,  0.999686
2030,  0.999789
2031,  0.199015
2032,  0.999995
2033,  0.999851
2034,  0.000000
2035,  0.000000
2036,  0.958724
2037,  0.999605
2038,  0.999844
2039,  0.000757
2040,  0.000037
2041,  0.999875
2042,  0.999999
2043,  0.000000
2044,  0.999504
2045,  0.000000
2046,  0.000000
2047,  0.000035
2048,  0.908580
2049,  0.999994
2050,  0.000055
2051,  0.000013
2052,  0.000415
2053,  0.000000
2054,  0.000018
2055,  0.000033
2056,  0.000000
2057,  0.993796
2058,  0.000000
2059,  0.999995
2060,  0.000351
2061,  0.995042
2062,  1.000000
2063,  0.000008
2064,  0.011880
2065,  0.210311
2066,  0.000417
2067,  0.999984
2068,  0.999998
2069,  0.000071
2070,  0.985587
2071,  0.540113
2072,  0.753351
2073,  0.001362
2074,  0.805266
2075,  0.998872
2076,  0.000029
2077,  0.856719
2078,  0.999838
2079,  0.000053
2080,  0.002004
2081,  0.000593
2082,  0.000003
2083,  0.995782
2084,  1.000000
2085,  0.000001
2086,  0.000036
2087,  0.987732
2088,  0.999975
2089,  0.000000
2090,  0.999192
2091,  0.998820
2092,  0.987826
2093,  0.054461
2094,  0.008777
2095,  0.999989
2096,  0.076432
2097,  0.000006
2098,  0.999953
2099,  0.031182
2100,  0.998938
2101,  0.002300
2102,  1.000000
2103,  0.000503
2104,  0.005771
2105,  0.003033
2106,  0.994444
2107,  0.999938
2108,  1.000000
2109,  0.992185
2110,  0.000000
2111,  0.064816
2112,  0.999999
2113,  0.001164
2114,  0.998265
2115,  0.000011
2116,  0.000000
2117,  0.000000
2118,  0.000008
2119,  0.999997
2120,  0.000046
2121,  0.000729
2122,  0.999994
2123,  0.999997
2124,  0.862234
2125,  0.000156
2126,  0.000203
2127,  0.000000
2128,  0.045753
2129,  0.000000
2130,  0.003199
2131,  0.351686
2132,  0.000695
2133,  1.000000
2134,  0.999981
2135,  0.000098
2136,  0.999995
2137,  0.999991
2138,  0.999620
2139,  1.000000
2140,  0.999430
2141,  0.999860
2142,  0.992697
2143,  0.000081
2144,  0.999972
2145,  0.949738
2146,  0.879319
2147,  0.008052
2148,  0.999929
2149,  0.000000
2150,  0.999999
2151,  0.998767
2152,  0.991648
2153,  0.443367
2154,  1.000000
2155,  0.000905
2156,  0.000972
2157,  0.000000
2158,  0.000000
2159,  0.002606
2160,  0.998082
2161,  0.045111
2162,  0.999986
2163,  0.999961
2164,  0.999987
2165,  0.999715
2166,  0.999546
2167,  1.000000
2168,  0.000157
2169,  0.000000
2170,  0.002153
2171,  0.999750
2172,  1.000000
2173,  0.000057
2174,  1.000000
2175,  0.000000
2176,  0.998629
2177,  0.088914
2178,  0.000002
2179,  0.999967
2180,  0.999999
2181,  0.000530
2182,  0.980100
2183,  0.003246
2184,  0.999999
2185,  0.002553
2186,  0.000000
2187,  0.999983
2188,  0.999770
2189,  0.991879
2190,  0.994806
2191,  0.803625
2192,  0.999959
2193,  0.000000
2194,  0.999367
2195,  0.031208
2196,  0.012361
2197,  0.997315
2198,  0.999989
2199,  0.000000
2200,  0.999989
2201,  0.999999
2202,  1.000000
2203,  0.000000
2204,  0.000007
2205,  0.999999
2206,  1.000000
2207,  0.000050
2208,  0.999999
2209,  0.996896
2210,  0.000000
2211,  0.000001
2212,  0.996715
2213,  0.001542
2214,  0.007610
2215,  0.976978
2216,  0.999999
2217,  0.990860
2218,  0.986029
2219,  0.019375
2220,  0.879270
2221,  0.878747
2222,  1.000000
2223,  0.999966
2224,  0.000016
2225,  0.995688
2226,  0.999988
2227,  0.999542
2228,  0.995328
2229,  0.999190
2230,  0.000014
2231,  0.000335
2232,  0.252681
2233,  0.003585
2234,  0.011728
2235,  0.998243
2236,  0.994100
2237,  0.000134
2238,  0.999938
2239,  0.000207
2240,  0.999998
2241,  1.000000
2242,  0.999991
2243,  0.000007
2244,  0.999999
2245,  0.000000
2246,  0.000000
2247,  0.999999
2248,  0.000000
2249,  0.000000
2250,  0.000000
2251,  0.999993
2252,  0.998508
2253,  0.002452
2254,  0.000000
2255,  0.999998
2256,  0.999991
2257,  0.176076
2258,  0.984160
2259,  0.002314
2260,  1.000000
2261,  0.000017
2262,  0.000073
2263,  0.998671
2264,  0.999705
2265,  0.999360
2266,  0.000000
2267,  0.227562
2268,  0.931423
2269,  0.999993
2270,  0.000000
2271,  0.407740
2272,  0.000803
2273,  0.184793
2274,  0.000006
2275,  0.999997
2276,  0.000000
2277,  0.179887
2278,  0.000000
2279,  0.998433
2280,  0.998729
2281,  0.000000
2282,  0.000002
2283,  0.001028
2284,  0.000001
2285,  0.000234
2286,  1.000000
2287,  0.894651
2288,  0.015374
2289,  1.000000
2290,  0.000005
2291,  0.999917
2292,  0.999169
2293,  0.998030
2294,  0.000014
2295,  0.990347
2296,  0.000000
2297,  0.999941
2298,  0.004703
2299,  0.000207
2300,  0.331030
2301,  1.000000
2302,  0.917863
2303,  1.000000
2304,  0.000004
2305,  0.948590
2306,  1.000000
2307,  0.009009
2308,  0.000206
2309,  0.986014
2310,  0.000000
2311,  0.995984
2312,  0.999981
2313,  1.000000
2314,  0.997936
2315,  0.000000
2316,  0.000365
2317,  1.000000
2318,  0.997210
2319,  0.268235
2320,  0.000000
2321,  0.998148
2322,  0.002053
2323,  0.000024
2324,  0.000011
2325,  0.000001
2326,  0.857999
2327,  0.000000
2328,  0.942121
2329,  0.000086
2330,  1.000000
2331,  0.999997
2332,  0.999825
2333,  0.000553
2334,  0.999900
2335,  0.999894
2336,  0.999942
2337,  0.000029
2338,  0.999369
2339,  0.000000
2340,  0.000000
2341,  0.007925
2342,  0.000000
2343,  0.999999
2344,  0.998870
2345,  0.999932
2346,  0.086703
2347,  0.999993
2348,  1.000000
2349,  0.000005
2350,  0.992399
2351,  1.000000
2352,  0.000000
2353,  0.999998
2354,  0.000429
2355,  0.040572
2356,  0.000020
2357,  0.934987
2358,  0.169747
2359,  0.000000
2360,  1.000000
2361,  0.996316
2362,  0.000000
2363,  0.000281
2364,  0.999762
2365,  0.000003
2366,  0.000259
2367,  0.999992
2368,  0.999858
2369,  0.166962
2370,  0.883916
2371,  0.967852
2372,  0.999997
2373,  0.000130
2374,  0.000002
2375,  0.998199
2376,  0.000815
2377,  0.962958
2378,  1.000000
2379,  0.000199
2380,  0.000639
2381,  0.999855
2382,  0.999970
2383,  0.999989
2384,  0.000004
2385,  0.992546
2386,  0.000159
2387,  0.999980
2388,  0.999625
2389,  0.000498
2390,  0.000000
2391,  0.000043
2392,  0.003870
2393,  0.998334
2394,  0.999880
2395,  0.000013
2396,  0.901848
2397,  1.000000
2398,  0.999750
2399,  0.998301
2400,  0.000174
2401,  0.000000
2402,  1.000000
2403,  0.000251
2404,  0.999992
2405,  1.000000
2406,  0.999998
2407,  0.999999
2408,  0.999997
2409,  0.009292
2410,  0.999964
2411,  0.000000
2412,  0.000108
2413,  1.000000
2414,  0.000179
2415,  0.999976
2416,  0.000248
2417,  0.952566
2418,  0.009106
2419,  0.000000
2420,  0.999942
2421,  0.012327
2422,  0.000773
2423,  1.000000
2424,  0.000017
2425,  0.000197
2426,  0.998871
2427,  0.000000
2428,  0.000003
2429,  0.998004
2430,  0.000039
2431,  0.999998
2432,  0.999980
2433,  0.001293
2434,  0.997305
2435,  0.999986
2436,  0.001904
2437,  1.000000
2438,  1.000000
2439,  0.999993
2440,  1.000000
2441,  0.999872
2442,  0.995116
2443,  0.000008
2444,  1.000000
2445,  0.000000
2446,  0.000129
2447,  0.999999
2448,  0.995004
2449,  0.995671
2450,  0.000000
2451,  0.000001
2452,  0.000107
2453,  0.999821
2454,  0.000001
2455,  0.000674
2456,  0.983538
2457,  1.000000
2458,  0.159781
2459,  0.596620
2460,  0.000000
2461,  0.999902
2462,  0.999866
2463,  0.999996
2464,  0.977987
2465,  0.999668
2466,  0.000001
2467,  0.298463
2468,  0.924134
2469,  0.000000
2470,  0.932267
2471,  0.999805
2472,  0.988340
2473,  0.000000
2474,  0.999999
2475,  0.928770
2476,  0.057068
2477,  0.989090
2478,  0.999985
2479,  0.999739
2480,  0.000004
2481,  0.000000
2482,  0.999997
2483,  0.975485
2484,  0.000000
2485,  0.556277
2486,  0.999999
2487,  1.000000
2488,  0.000041
2489,  0.000000
2490,  0.999959
2491,  0.999999
2492,  0.000039
2493,  0.999888
2494,  1.000000
2495,  0.991743
2496,  0.999991
2497,  0.033748
2498,  0.000388
2499,  0.002167
2500,  0.000234
2501,  0.999946
2502,  0.999999
2503,  0.996307
2504,  0.999883
2505,  1.000000
2506,  1.000000
2507,  0.004779
2508,  0.000004
2509,  0.005997
2510,  0.999924
2511,  0.999907
2512,  0.996619
2513,  0.000194
2514,  1.000000
2515,  0.000005
2516,  0.000000
2517,  0.998505
2518,  0.997710
2519,  0.000000
2520,  1.000000
2521,  0.999235
2522,  0.000000
2523,  0.999998
2524,  0.000280
2525,  0.000922
2526,  1.000000
2527,  0.004833
2528,  0.992997
2529,  0.999890
2530,  1.000000
2531,  0.000016
2532,  0.999981
2533,  1.000000
2534,  0.998545
2535,  0.998885
2536,  0.999141
2537,  0.000001
2538,  0.999947
2539,  0.000194
2540,  0.999914
2541,  0.999980
2542,  0.999836
2543,  0.000624
2544,  0.000006
2545,  0.999999
2546,  0.969701
2547,  0.007133
2548,  0.000001
2549,  0.998096
2550,  0.001378
2551,  0.997772
2552,  0.000070
2553,  0.998576
2554,  0.000000
2555,  0.997456
2556,  0.000000
2557,  0.000001
2558,  0.152986
2559,  0.998965
2560,  0.000000
2561,  0.000004
2562,  0.999828
2563,  0.002300
2564,  1.000000
2565,  0.000002
2566,  0.999178
2567,  0.000000
2568,  0.000004
2569,  0.997316
2570,  0.000001
2571,  0.000000
2572,  0.000098
2573,  0.999999
2574,  0.990197
2575,  0.061974
2576,  0.999896
2577,  0.999972
2578,  0.992527
2579,  0.000121
2580,  0.407249
2581,  0.000613
2582,  0.999733
2583,  0.997280
2584,  0.000004
2585,  0.998650
2586,  0.999581
2587,  0.006376
2588,  0.999920
2589,  0.995326
2590,  0.000000
2591,  0.999894
2592,  0.999881
2593,  0.999131
2594,  0.999995
2595,  0.999985
2596,  0.999368
2597,  0.987233
2598,  0.999994
2599,  0.999941
2600,  0.999832
2601,  0.000001
2602,  0.999167
2603,  0.194348
2604,  0.999990
2605,  0.933481
2606,  0.000002
2607,  0.995089
2608,  0.040282
2609,  0.000000
2610,  0.999999
2611,  0.999997
2612,  0.000995
2613,  1.000000
2614,  0.000001
2615,  0.997916
2616,  1.000000
2617,  0.000380
2618,  0.997505
2619,  0.177733
2620,  0.998563
2621,  1.000000
2622,  0.000124
2623,  0.999974
2624,  0.000001
2625,  0.999999
2626,  0.000080
2627,  0.999818
2628,  0.999958
2629,  0.000021
2630,  1.000000
2631,  0.000000
2632,  0.000971
2633,  1.000000
2634,  0.999999
2635,  1.000000
2636,  0.992779
2637,  0.999910
2638,  0.999983
2639,  0.152391
2640,  0.966633
2641,  0.995058
2642,  0.000000
2643,  0.006741
2644,  1.000000
2645,  0.951708
2646,  0.032497
2647,  0.944771
2648,  0.000013
2649,  0.000539
2650,  0.000000
2651,  0.000000
2652,  0.000218
2653,  0.996399
2654,  0.999938
2655,  0.003580
2656,  1.000000
2657,  0.025217
2658,  0.999022
2659,  0.000072
2660,  1.000000
2661,  0.000000
2662,  0.000004
2663,  0.000003
2664,  0.000038
2665,  0.998608
2666,  0.000206
2667,  0.000000
2668,  0.002711
2669,  0.000000
2670,  0.999981
2671,  0.999987
2672,  0.999794
2673,  1.000000
2674,  1.000000
2675,  0.999998
2676,  0.978976
2677,  0.999865
2678,  0.000000
2679,  0.000030
2680,  0.000000
2681,  0.999981
2682,  0.023870
2683,  0.639289
2684,  0.930665
2685,  0.000000
2686,  0.000000
2687,  0.999993
2688,  0.000341
2689,  0.999951
2690,  0.999881
2691,  0.999987
2692,  0.000019
2693,  0.000010
2694,  0.999862
2695,  0.999994
2696,  0.714571
2697,  1.000000
2698,  0.000000
2699,  0.999997
2700,  0.000019
2701,  0.999998
2702,  0.305366
2703,  1.000000
2704,  0.000001
2705,  0.000000
2706,  0.999993
2707,  0.089662
2708,  0.004400
2709,  0.000609
2710,  0.000002
2711,  0.000170
2712,  0.999997
2713,  0.000006
2714,  0.000000
2715,  0.999963
2716,  0.999445
2717,  0.999990
2718,  0.999996
2719,  0.999333
2720,  0.995981
2721,  0.007679
2722,  1.000000
2723,  0.980203
2724,  0.000000
2725,  0.001775
2726,  0.000001
2727,  0.000000
2728,  0.002391
2729,  0.000001
2730,  0.000000
2731,  0.012484
2732,  1.000000
2733,  0.967072
2734,  0.999999
2735,  0.988362
2736,  1.000000
2737,  0.000000
2738,  0.000041
2739,  0.541046
2740,  0.999996
2741,  1.000000
2742,  0.999988
2743,  0.999999
2744,  0.002527
2745,  0.999992
2746,  0.000000
2747,  0.999989
2748,  0.999957
2749,  0.000000
2750,  0.984357
2751,  0.995509
2752,  0.000454
2753,  0.000000
2754,  0.999557
2755,  0.999885
2756,  1.000000
2757,  0.000261
2758,  1.000000
2759,  0.999594
2760,  0.086458
2761,  0.999511
2762,  0.000000
2763,  0.000001
2764,  0.999999
2765,  0.000009
2766,  0.999936
2767,  0.000013
2768,  0.000000
2769,  0.000072
2770,  0.000636
2771,  0.976698
2772,  0.000000
2773,  0.000209
2774,  0.006100
2775,  0.000001
2776,  0.000001
2777,  0.999908
2778,  0.999998
2779,  0.999999
2780,  0.000063
2781,  0.999986
2782,  0.999998
2783,  0.000000
2784,  0.000000
2785,  0.000000
2786,  0.999980
2787,  0.971857
2788,  0.000000
2789,  0.999516
2790,  0.027485
2791,  0.999993
2792,  0.000063
2793,  0.999898
2794,  0.999961
2795,  0.986443
2796,  0.971390
2797,  0.000619
2798,  0.999312
2799,  0.999992
2800,  0.000008
2801,  0.000011
2802,  0.000000
2803,  0.999749
2804,  1.000000
2805,  0.000001
2806,  0.999867
2807,  0.000001
2808,  0.000000
2809,  0.999986
2810,  0.999894
2811,  1.000000
2812,  0.477928
2813,  0.349240
2814,  0.997216
2815,  0.000001
2816,  0.999983
2817,  0.991044
2818,  0.000164
2819,  0.000000
2820,  0.999231
2821,  0.000000
2822,  0.000200
2823,  0.999996
2824,  0.999789
2825,  0.999904
2826,  0.999998
2827,  0.000000
2828,  0.995184
2829,  0.984364
2830,  0.001693
2831,  0.000000
2832,  0.813656
2833,  0.000001
2834,  0.971907
2835,  0.000433
2836,  0.000000
2837,  0.996001
2838,  0.999999
2839,  0.992043
2840,  0.000001
2841,  0.000000
2842,  0.000004
2843,  0.000000
2844,  0.990387
2845,  0.000000
2846,  0.999994
2847,  0.999985
2848,  0.999986
2849,  0.000266
2850,  0.002617
2851,  0.000000
2852,  0.999712
2853,  0.000001
2854,  0.998921
2855,  0.012919
2856,  0.001108
2857,  0.000000
2858,  0.000000
2859,  0.999285
2860,  0.001561
2861,  0.999909
2862,  1.000000
2863,  0.999998
2864,  0.001346
2865,  0.296549
2866,  0.999922
2867,  0.999957
2868,  0.000713
2869,  0.000444
2870,  1.000000
2871,  0.000127
2872,  1.000000
2873,  0.998587
2874,  0.000000
2875,  0.000089
2876,  0.999693
2877,  0.000013
2878,  1.000000
2879,  0.999986
2880,  0.999998
2881,  0.000008
2882,  0.999999
2883,  1.000000
2884,  0.000000
2885,  0.000000
2886,  0.997342
2887,  0.000194
2888,  0.000018
2889,  0.999989
2890,  0.999999
2891,  0.998219
2892,  0.998156
2893,  0.999962
2894,  0.000276
2895,  0.999842
2896,  0.999991
2897,  0.999968
2898,  0.000011
2899,  0.933504
2900,  0.007427
2901,  0.999920
2902,  0.999816
2903,  0.999915
2904,  0.019703
2905,  0.999996
2906,  0.999984
2907,  0.005637
2908,  0.000000
2909,  0.865877
2910,  0.997660
2911,  0.000000
2912,  0.996137
2913,  0.000000
2914,  0.996247
2915,  0.999680
2916,  0.999994
2917,  0.999979
2918,  0.999994
2919,  0.999872
2920,  0.000004
2921,  0.999611
2922,  1.000000
2923,  0.999981
2924,  0.000059
2925,  0.996558
2926,  0.999992
2927,  0.000001
2928,  0.000000
2929,  0.000000
2930,  0.943186
2931,  0.999991
2932,  0.978055
2933,  0.000101
2934,  0.999978
2935,  0.999599
2936,  1.000000
2937,  0.000293
2938,  0.000004
2939,  0.999974
2940,  0.000358
2941,  0.000175
2942,  0.998455
2943,  0.000000
2944,  0.000108
2945,  0.999365
2946,  0.999999
2947,  0.000260
2948,  0.000000
2949,  0.999878
2950,  0.058065
2951,  0.889959
2952,  0.000313
2953,  0.999735
2954,  0.025316
2955,  0.999993
2956,  0.000000
2957,  0.000401
2958,  1.000000
2959,  0.001075
2960,  0.978893
2961,  0.001075
2962,  0.999999
2963,  0.999999
2964,  0.000000
2965,  0.999263
2966,  0.000000
2967,  0.999025
2968,  0.999991
2969,  0.000000
2970,  1.000000
2971,  1.000000
2972,  0.000059
2973,  0.999371
2974,  0.000352
2975,  1.000000
2976,  0.999085
2977,  0.999408
2978,  0.000048
2979,  0.998603
2980,  0.000000
2981,  0.000000
2982,  0.000007
2983,  0.999599
2984,  1.000000
2985,  0.000036
2986,  0.000009
2987,  0.000308
2988,  0.999990
2989,  0.000000
2990,  0.000000
2991,  0.999768
2992,  0.999435
2993,  0.000073
2994,  0.999914
2995,  1.000000
2996,  0.000007
2997,  0.997126
2998,  0.966377
2999,  0.997916
3000,  0.545776
3001,  0.000001
3002,  0.999997
3003,  0.998816
3004,  0.997604
3005,  1.000000
3006,  0.999993
3007,  1.000000
3008,  0.000000
3009,  0.164806
3010,  0.000006
3011,  0.000000
3012,  0.999871
3013,  0.000000
3014,  0.998930
3015,  0.999994
3016,  0.001598
3017,  0.999997
3018,  0.999106
3019,  0.999485
3020,  0.000232
3021,  0.999845
3022,  1.000000
3023,  0.999396
3024,  0.000150
3025,  0.999232
3026,  0.999969
3027,  0.000372
3028,  0.000032
3029,  0.001449
3030,  0.999991
3031,  0.999986
3032,  0.000042
3033,  0.000116
3034,  0.000002
3035,  0.999960
3036,  0.000000
3037,  0.004689
3038,  0.998237
3039,  0.999990
3040,  0.938688
3041,  0.999983
3042,  0.000020
3043,  0.917884
3044,  0.000029
3045,  0.000025
3046,  1.000000
3047,  0.998949
3048,  0.000519
3049,  0.999994
3050,  0.999980
3051,  0.928788
3052,  0.278909
3053,  0.998771
3054,  0.001209
3055,  0.000013
3056,  0.993868
3057,  0.000068
3058,  0.000039
3059,  0.038405
3060,  0.997983
3061,  0.000088
3062,  0.987859
3063,  0.000001
3064,  0.000000
3065,  0.999213
3066,  0.000000
3067,  1.000000
3068,  0.000000
3069,  1.000000
3070,  0.998784
3071,  0.999701
3072,  0.000003
3073,  0.000007
3074,  0.999992
3075,  0.999730
3076,  0.999909
3077,  0.270340
3078,  0.000000
3079,  0.999998
3080,  0.975930
3081,  0.999984
3082,  0.000003
3083,  0.000000
3084,  0.000875
3085,  0.000657
3086,  1.000000
3087,  0.000016
3088,  0.000057
3089,  0.000000
3090,  0.000121
3091,  1.000000
3092,  0.998921
3093,  0.000000
3094,  0.960884
3095,  0.000455
3096,  0.985079
3097,  0.000002
3098,  0.999294
3099,  0.999983
3100,  0.999708
3101,  0.001708
3102,  0.999986
3103,  0.000030
3104,  0.999571
3105,  0.000480
3106,  0.000172
3107,  0.098273
3108,  0.017652
3109,  0.001225
3110,  0.000392
3111,  0.999869
3112,  0.999946
3113,  0.995809
3114,  0.995720
3115,  0.000123
3116,  0.000009
3117,  0.999959
3118,  0.992308
3119,  0.000150
3120,  0.999985
3121,  0.002878
3122,  0.000672
3123,  0.000024
3124,  0.999999
3125,  0.996944
3126,  0.000000
3127,  1.000000
3128,  0.999996
3129,  0.000000
3130,  0.995246
3131,  0.996786
3132,  0.102417
3133,  0.013930
3134,  0.998241
3135,  0.580414
3136,  0.998509
3137,  0.999999
3138,  0.006152
3139,  0.016659
3140,  0.999832
3141,  0.000000
3142,  0.999776
3143,  0.999999
3144,  0.000227
3145,  0.999989
3146,  0.999987
3147,  0.999858
3148,  0.999985
3149,  0.998970
3150,  0.000085
3151,  0.999986
3152,  0.000000
3153,  0.000000
3154,  0.993145
3155,  0.027697
3156,  0.959427
3157,  0.999993
3158,  0.000007
3159,  0.000000
3160,  0.000011
3161,  0.000000
3162,  0.002272
3163,  0.999982
3164,  0.000001
3165,  0.999993
3166,  0.219260
3167,  0.000002
3168,  0.074379
3169,  0.113762
3170,  0.999712
3171,  0.999952
3172,  1.000000
3173,  0.999915
3174,  0.999993
3175,  0.000000
3176,  0.999991
3177,  0.999993
3178,  0.000028
3179,  0.992814
3180,  0.998991
3181,  0.002070
3182,  0.000000
3183,  0.999515
3184,  0.000017
3185,  0.968153
3186,  0.000554
3187,  0.002209
3188,  0.000000
